Workbook

Sheet Tabla diaria
A1: Día# | B1: Fecha | C1: Día sem. | D1: Festivo | E1: TX | F1: REA | G1: QX-M | H1: QX-P (1) | I1: QX-P (2)
A2: 1 | B2: 01/10/2026 | C2: Jue | E2: Isa | F2: Fabián | G2: Carlota | H2: Aitor | I2: Ana (R2)
A3: 2 | B3: 02/10/2026 | C3: Vie | E3: Sandra | F3: Tania | G3: Candela | H3: David | I3: Emilio
A4: 3 | B4: 03/10/2026 | C4: Sab | E4: Sandra | F4: Tony | G4: Patricia (R3) | H4: Fátima | I4: Marc
A5: 4 | B5: 04/10/2026 | C5: Dom | E5: Sandra | F5: Tania | G5: Candela | H5: David | I5: Emilio
A6: 5 | B6: 05/10/2026 | C6: Lun | E6: Ana Gaudioso (R4) | F6: Patricia (R2) | G6: Almudena | H6: Miriam | I6: Asís
A7: 6 | B7: 06/10/2026 | C7: Mar | E7: Sandra | F7: Emilio | G7: Isa | H7: Arturo | I7: Marc
A8: 7 | B8: 07/10/2026 | C8: Mie | E8: Sandra | F8: Patricia (R2) | G8: Carlota | H8: Antonio | I8: Ana (R2)
A9: 8 | B9: 08/10/2026 | C9: Jue | E9: Isa | F9: Emilio | G9: Almudena | H9: Rosario | I9: Tania
A10: 9 | B10: 09/10/2026 | C10: Vie | E10: Carlota | F10: Patricia (R2) | G10: Sandra | H10: Arturo | I10: Ana (R2)
A11: 10 | B11: 10/10/2026 | C11: Sab | E11: Isa | F11: Fabián | G11: Candela | H11: Aitor | I11: Antonio
A12: 11 | B12: 11/10/2026 | C12: Dom | E12: Isa | F12: Patricia (R2) | G12: Sandra | H12: Arturo | I12: Ana (R2)
A13: 12 | B13: 12/10/2026 | C13: Lun | D13: FESTIVO | E13: Isa | F13: Fabián | G13: Candela | H13: Aitor | I13: Antonio
A14: 13 | B14: 13/10/2026 | C14: Mar | E14: Carlota | F14: Patricia (R2) | G14: Almudena | H14: Asís | I14: Eva
A15: 14 | B15: 14/10/2026 | C15: Mie | E15: Carlota | F15: Tony | G15: Patricia (R3) | H15: Cristina | I15: Marc
A16: 15 | B16: 15/10/2026 | C16: Jue | E16: Sandra | F16: Tania | G16: Ana Gaudioso (R4) | H16: Fátima | I16: Emilio
A17: 16 | B17: 16/10/2026 | C17: Vie | E17: Carlota | F17: Fabián | G17: Patricia (R3) | H17: Cristina | I17: Asís
A18: 17 | B18: 17/10/2026 | C18: Sab | E18: Carlota | F18: Tania | G18: Candela | H18: Rosario | I18: Ana (R2)
A19: 18 | B19: 18/10/2026 | C19: Dom | E19: Carlota | F19: Fabián | G19: Patricia (R3) | H19: Cristina | I19: Asís
A20: 19 | B20: 19/10/2026 | C20: Lun | E20: Ana Gaudioso (R4) | F20: Patricia (R2) | G20: Isa | H20: Emilio | I20: Marc
A21: 20 | B21: 20/10/2026 | C21: Mar | E21: Sandra | F21: Tony | G21: Patricia (R3) | H21: David | I21: Antonio
A22: 21 | B22: 21/10/2026 | C22: Mie | E22: Isa | F22: Eva | G22: Carlota | H22: Asís | I22: Marc
A23: 22 | B23: 22/10/2026 | C23: Jue | E23: Ana Gaudioso (R4) | F23: Tania | G23: Sandra | H23: Patricia (R2) | I23: Ana (R2)
A24: 23 | B24: 23/10/2026 | C24: Vie | E24: Ana Gaudioso (R4) | F24: Antonio | G24: Isa | H24: Eva | I24: Emilio
A25: 24 | B25: 24/10/2026 | C25: Sab | E25: Almudena | F25: Patricia (R2) | G25: Sandra | H25: Tania | I25: Marc
... A32: 31 | B32: 31/10/2026 | C32: Sab | E32: Ana Gaudioso (R4) | F32: Asís | G32: Carlota | H32: Mercedes | I32: Eva
A33: 32 | B33: 01/11/2026 | C33: Dom | D33: FESTIVO | E33: Ana Gaudioso (R4) | F33: Tony | G33: Almudena | H33: Miriam | I33: Marc
A34: 33 | B34: 02/11/2026 | C34: Lun | D34: FESTIVO | E34: Ana Gaudioso (R4) | F34: Asís | G34: Carlota | H34: Mercedes | I34: Eva

Sheet Tabla por residente
A1: Residente | B1: ID | C1: 1 | D1: 2 | E1: 3 | F1: 4 | G1: 5 | H1: 6 | I1: 7 | J1: 8 | K1: 9 | L1: 10 | M1: 11 | N1: 12 | O1: 13 | P1: 14 | Q1: 15 | R1: 16 | S1: 17 | T1: 18 | U1: 19 | V1: 20 | W1: 21 | X1: 22 | Y1: 23 | Z1: 24 | AA1: 25 | AB1: 26 | AC1: 27 | AD1: 28 | AE1: 29 | AF1: 30 | AG1: 31 | AH1: 32 | AI1: 33
C2: Jue | D2: Vie | E2: Sab | F2: Dom | G2: Lun | H2: Mar | I2: Mie | J2: Jue | K2: Vie | L2: Sab | M2: Dom | N2: Lun | O2: Mar | P2: Mie | Q2: Jue | R2: Vie | S2: Sab | T2: Dom | U2: Lun | V2: Mar | W2: Mie | X2: Jue | Y2: Vie | Z2: Sab | AA2: Dom | AB2: Lun | AC2: Mar | AD2: Mie | AE2: Jue | AF2: Vie | AG2: Sab | AH2: Dom | AI2: Lun
A3: Rosario | B3: R1-01 | D3: V | E3: V | F3: V | J3: QX-P | K3: L | S3: QX-P | T3: L | U3: L | W3: V | X3: V | Y3: V | Z3: V | AA3: V | AC3: QX-P | AD3: L
A4: Cristina | B4: R1-02 | D4: V | E4: V | F4: V | P4: QX-P | Q4: L | R4: QX-P | S4: L | T4: QX-P | U4: L | Y4: V | Z4: V | AA4: V
A5: Miriam | B5: R1-03 | G5: QX-P | H5: L | K5: V | L5: V | M5: V | Y5: V | Z5: V | AA5: V | AF5: QX-P | AG5: L | AH5: QX-P | AI5: L
A6: David | B6: R1-04 | D6: QX-P | E6: L | F6: QX-P | G6: L | V6: QX-P | W6: L | Y6: V | Z6: V | AA6: V
A7: Mercedes | B7: R1-05 | D7: V | E7: V | F7: V | Y7: V | Z7: V | AA7: V | AD7: QX-P | AE7: L | AG7: QX-P | AH7: L | AI7: QX-P
A8: Arturo | B8: R1-06 | H8: QX-P | I8: L | K8: QX-P | L8: L | M8: QX-P | N8: L | Y8: V | Z8: V | AA8: V
A9: Aitor | B9: R1-07 | C9: QX-P | D9: V | E9: V | F9: V | L9: QX-P | M9: L | N9: QX-P | O9: L | Y9: V | Z9: V | AA9: V
A10: Fátima | B10: R1-08 | E10: QX-P | F10: L | G10: L | K10: V | L10: V | M10: V | Q10: QX-P | R10: L | Y10: V | Z10: V | AA10: V | AB10: QX-P | AC10: L
A12: Tania | B12: R2-01 | D12: REA | E12: L | F12: REA | G12: L | J12: QX-P | K12: L | L12: V | Q12: REA | R12: L | S12: REA | T12: L | U12: L | X12: REA | Y12: L | Z12: QX-P | AA12: L | AB12: L | AD12: REA | AE12: L
A13: Asís | B13: R2-02 | G13: QX-P | H13: L | J13: V | K13: V | O13: QX-P | P13: L | R13: QX-P | S13: L | T13: QX-P | U13: L | W13: QX-P | X13: L | Y13: V | Z13: V | AA13: V | AC13: QX-P | AD13: L | AG13: REA | AH13: L | AI13: REA
A14: Patricia (R2) | B14: R2-03 | G14: REA | H14: L | I14: REA | J14: L | K14: REA | L14: L | M14: REA | N14: L | O14: REA | P14: L | U14: REA | V14: L | X14: QX-P | Y14: L | Z14: REA | AA14: L | AB14: L
A15: Eva | B15: R2-04 | C15: V | D15: V | E15: V | F15: V | G15: V | H15: V | I15: V | J15: V | O15: QX-P | P15: L | W15: REA | X15: L | Y15: QX-P | Z15: L | AA15: QX-P | AB15: L | AE15: QX-P | AF15: L | AG15: QX-P | AH15: L | AI15: QX-P
A16: Emilio | B16: R2-05 | C16: V | D16: QX-P | E16: L | F16: QX-P | G16: L | H16: REA | I16: L | J16: REA | K16: L | Q16: QX-P | R16: L | U16: QX-P | V16: L | Y16: QX-P | Z16: L | AA16: QX-P | AB16: V | AF16: V
A17: Antonio | B17: R2-06 | I17: QX-P | J17: L | L17: QX-P | M17: L | N17: QX-P | O17: L | Q17: V | R17: V | S17: V | T17: V | V17: QX-P | W17: L | Y17: REA | Z17: L | AA17: REA | AB17: L | AC17: REA | AD17: L | AE17: QX-P | AF17: L
A18: Ana (R2) | B18: R2-07 | C18: QX-P | D18: L | E18: V | F18: V | I18: QX-P | J18: L | K18: QX-P | L18: L | M18: QX-P | N18: L | S18: QX-P | T18: L | U18: L | X18: QX-P | Y18: V | Z18: V | AA18: V | AB18: QX-P | AC18: L | AD18: QX-P | AE18: L
A19: Marc | B19: R2-08 | E19: QX-P | F19: L | G19: L | H19: QX-P | I19: L | P19: QX-P | Q19: L | U19: QX-P | V19: L | W19: QX-P | X19: L | Z19: QX-P | AA19: L | AB19: L | AF19: QX-P | AG19: L | AH19: QX-P | AI19: L
A21: Patricia (R3) | B21: R3-01 | E21: QX-M | F21: L | G21: L | J21: V | K21: V | L21: V | M21: V | N21: V | P21: QX-M | Q21: L | R21: QX-M | S21: L | T21: QX-M | U21: L | V21: QX-M | W21: L | AE21: QX-M | AF21: L
A22: Candela | B22: R3-02 | D22: QX-M | E22: L | F22: QX-M | G22: L | J22: V | K22: V | L22: QX-M | M22: L | N22: QX-M | O22: L | S22: QX-M | T22: L | U22: L | X22: V | Y22: V | Z22: V | AA22: V | AB22: QX-M | AC22: L
A23: Fabián | B23: R3-03 | C23: REA | D23: L | L23: REA | M23: L | N23: REA | O23: L | R23: REA | S23: L | T23: REA | U23: L | Z23: V | AA23: V | AE23: REA | AF23: L
A24: Tony | B24: R3-04 | E24: REA | F24: L | G24: L | K24: V | L24: V | M24: V | P24: REA | Q24: L | V24: REA | W24: L | AB24: REA | AC24: L | AF24: REA | AG24: L | AH24: REA | AI24: L
A26: Carlota | B26: R4-01 | C26: QX-M | D26: V | E26: V | F26: V | I26: QX-M | J26: L | K26: TX | M26: V | O26: TX | P26: TX | R26: TX | S26: TX | T26: TX | W26: QX-M | X26: L | Y26: V | Z26: V | AA26: V | AC26: TX | AG26: QX-M | AH26: L | AI26: QX-M
A27: Almudena | B27: R4-02 | D27: V | E27: V | F27: V | G27: QX-M | H27: L | J27: QX-M | K27: V | L27: V | M27: V | O27: QX-M | P27: L | Q27: V | R27: V | S27: V | T27: V | U27: V | V27: V | W27: V | Z27: TX | AA27: TX | AB27: TX | AD27: TX | AF27: QX-M | AG27: L | AH27: QX-M | AI27: L
A28: Ana Gaudioso (R4) | B28: R4-03 | C28: EXT | F28: EXT | G28: TX | I28: EXT | L28: EXT | O28: EXT | Q28: QX-M | R28: V | S28: V | T28: V | U28: TX | W28: EXT | X28: TX | Y28: TX | AA28: EXT | AD28: EXT | AE28: TX | AG28: TX | AH28: TX | AI28: TX
A29: Sandra | B29: R4-04 | D29: TX | E29: TX | F29: TX | H29: TX | I29: TX | K29: QX-M | L29: L | M29: QX-M | N29: L | Q29: TX | V29: TX | X29: QX-M | Y29: L | Z29: QX-M | AA29: L | AB29: L | AC29: QX-M | AD29: L | AE29: V | AF29: V | AG29: V | AH29: V
A30: Isa | B30: R4-05 | C30: TX | E30: V | F30: V | H30: QX-M | I30: L | J30: TX | L30: TX | M30: TX | N30: TX | P30: V | Q30: V | R30: V | S30: V | T30: V | U30: QX-M | V30: L | W30: TX | Y30: QX-M | Z30: L | AA30: QX-M | AB30: L | AD30: QX-M | AE30: L | AF30: TX

Sheet Resumen de carga
A1: Residente | B1: ID | C1: Año | D1: Total guardias | E1: TX | F1: REA | G1: QX-M | H1: QX-P | I1: Fines de semana (días) | J1: Puente asignado
A2: Rosario | B2: R1-01 | C2: R1 | D2: =COUNTIF('Tabla por residente'!C3:AI3,"TX")+COUNTIF('Tabla por residente'!C3:AI3,"REA")+COUNTIF('Tabla por residente'!C3:AI3,"QX-M")+COUNTIF('Tabla por residente'!C3:AI3,"QX-P") -> 3 | E2: =COUNTIF('Tabla por residente'!C3:AI3,"TX") -> 0 | F2: =COUNTIF('Tabla por residente'!C3:AI3,"REA") -> 0 | G2: =COUNTIF('Tabla por residente'!C3:AI3,"QX-M") -> 0 | H2: =COUNTIF('Tabla por residente'!C3:AI3,"QX-P") -> 3 | I2: 1 | J2: —
A3: Cristina | B3: R1-02 | C3: R1 | D3: =COUNTIF('Tabla por residente'!C4:AI4,"TX")+COUNTIF('Tabla por residente'!C4:AI4,"REA")+COUNTIF('Tabla por residente'!C4:AI4,"QX-M")+COUNTIF('Tabla por residente'!C4:AI4,"QX-P") -> 3 | E3: =COUNTIF('Tabla por residente'!C4:AI4,"TX") -> 0 | F3: =COUNTIF('Tabla por residente'!C4:AI4,"REA") -> 0 | G3: =COUNTIF('Tabla por residente'!C4:AI4,"QX-M") -> 0 | H3: =COUNTIF('Tabla por residente'!C4:AI4,"QX-P") -> 3 | I3: 2 | J3: —
A4: Miriam | B4: R1-03 | C4: R1 | D4: =COUNTIF('Tabla por residente'!C5:AI5,"TX")+COUNTIF('Tabla por residente'!C5:AI5,"REA")+COUNTIF('Tabla por residente'!C5:AI5,"QX-M")+COUNTIF('Tabla por residente'!C5:AI5,"QX-P") -> 3 | E4: =COUNTIF('Tabla por residente'!C5:AI5,"TX") -> 0 | F4: =COUNTIF('Tabla por residente'!C5:AI5,"REA") -> 0 | G4: =COUNTIF('Tabla por residente'!C5:AI5,"QX-M") -> 0 | H4: =COUNTIF('Tabla por residente'!C5:AI5,"QX-P") -> 3 | I4: 2 | J4: Santos
A5: David | B5: R1-04 | C5: R1 | D5: =COUNTIF('Tabla por residente'!C6:AI6,"TX")+COUNTIF('Tabla por residente'!C6:AI6,"REA")+COUNTIF('Tabla por residente'!C6:AI6,"QX-M")+COUNTIF('Tabla por residente'!C6:AI6,"QX-P") -> 3 | E5: =COUNTIF('Tabla por residente'!C6:AI6,"TX") -> 0 | F5: =COUNTIF('Tabla por residente'!C6:AI6,"REA") -> 0 | G5: =COUNTIF('Tabla por residente'!C6:AI6,"QX-M") -> 0 | H5: =COUNTIF('Tabla por residente'!C6:AI6,"QX-P") -> 3 | I5: 2 | J5: —
A6: Mercedes | B6: R1-05 | C6: R1 | D6: =COUNTIF('Tabla por residente'!C7:AI7,"TX")+COUNTIF('Tabla por residente'!C7:AI7,"REA")+COUNTIF('Tabla por residente'!C7:AI7,"QX-M")+COUNTIF('Tabla por residente'!C7:AI7,"QX-P") -> 3 | E6: =COUNTIF('Tabla por residente'!C7:AI7,"TX") -> 0 | F6: =COUNTIF('Tabla por residente'!C7:AI7,"REA") -> 0 | G6: =COUNTIF('Tabla por residente'!C7:AI7,"QX-M") -> 0 | H6: =COUNTIF('Tabla por residente'!C7:AI7,"QX-P") -> 3 | I6: 2 | J6: Santos
A7: Arturo | B7: R1-06 | C7: R1 | D7: =COUNTIF('Tabla por residente'!C8:AI8,"TX")+COUNTIF('Tabla por residente'!C8:AI8,"REA")+COUNTIF('Tabla por residente'!C8:AI8,"QX-M")+COUNTIF('Tabla por residente'!C8:AI8,"QX-P") -> 3 | E7: =COUNTIF('Tabla por residente'!C8:AI8,"TX") -> 0 | F7: =COUNTIF('Tabla por residente'!C8:AI8,"REA") -> 0 | G7: =COUNTIF('Tabla por residente'!C8:AI8,"QX-M") -> 0 | H7: =COUNTIF('Tabla por residente'!C8:AI8,"QX-P") -> 3 | I7: 2 | J7: Pilar
A8: Aitor | B8: R1-07 | C8: R1 | D8: =COUNTIF('Tabla por residente'!C9:AI9,"TX")+COUNTIF('Tabla por residente'!C9:AI9,"REA")+COUNTIF('Tabla por residente'!C9:AI9,"QX-M")+COUNTIF('Tabla por residente'!C9:AI9,"QX-P") -> 3 | E8: =COUNTIF('Tabla por residente'!C9:AI9,"TX") -> 0 | F8: =COUNTIF('Tabla por residente'!C9:AI9,"REA") -> 0 | G8: =COUNTIF('Tabla por residente'!C9:AI9,"QX-M") -> 0 | H8: =COUNTIF('Tabla por residente'!C9:AI9,"QX-P") -> 3 | I8: 2 | J8: Pilar
A9: Fátima | B9: R1-08 | C9: R1 | D9: =COUNTIF('Tabla por residente'!C10:AI10,"TX")+COUNTIF('Tabla por residente'!C10:AI10,"REA")+COUNTIF('Tabla por residente'!C10:AI10,"QX-M")+COUNTIF('Tabla por residente'!C10:AI10,"QX-P") -> 3 | E9: =COUNTIF('Tabla por residente'!C10:AI10,"TX") -> 0 | F9: =COUNTIF('Tabla por residente'!C10:AI10,"REA") -> 0 | G9: =COUNTIF('Tabla por residente'!C10:AI10,"QX-M") -> 0 | H9: =COUNTIF('Tabla por residente'!C10:AI10,"QX-P") -> 3 | I9: 1 | J9: —
A10: Tania | B10: R2-01 | C10: R2 | D10: =COUNTIF('Tabla por residente'!C12:AI12,"TX")+COUNTIF('Tabla por residente'!C12:AI12,"REA")+COUNTIF('Tabla por residente'!C12:AI12,"QX-M")+COUNTIF('Tabla por residente'!C12:AI12,"QX-P") -> 8 | E10: =COUNTIF('Tabla por residente'!C12:AI12,"TX") -> 0 | F10: =COUNTIF('Tabla por residente'!C12:AI12,"REA") -> 6 | G10: =COUNTIF('Tabla por residente'!C12:AI12,"QX-M") -> 0 | H10: =COUNTIF('Tabla por residente'!C12:AI12,"QX-P") -> 2 | I10: 4 | J10: —
A11: Asís | B11: R2-02 | C11: R2 | D11: =COUNTIF('Tabla por residente'!C13:AI13,"TX")+COUNTIF('Tabla por residente'!C13:AI13,"REA")+COUNTIF('Tabla por residente'!C13:AI13,"QX-M")+COUNTIF('Tabla por residente'!C13:AI13,"QX-P") -> 8 | E11: =COUNTIF('Tabla por residente'!C13:AI13,"TX") -> 0 | F11: =COUNTIF('Tabla por residente'!C13:AI13,"REA") -> 2 | G11: =COUNTIF('Tabla por residente'!C13:AI13,"QX-M") -> 0 | H11: =COUNTIF('Tabla por residente'!C13:AI13,"QX-P") -> 6 | I11: 4 | J11: Santos
A12: Patricia (R2) | B12: R2-03 | C12: R2 | D12: =COUNTIF('Tabla por residente'!C14:AI14,"TX")+COUNTIF('Tabla por residente'!C14:AI14,"REA")+COUNTIF('Tabla por residente'!C14:AI14,"QX-M")+COUNTIF('Tabla por residente'!C14:AI14,"QX-P") -> 8 | E12: =COUNTIF('Tabla por residente'!C14:AI14,"TX") -> 0 | F12: =COUNTIF('Tabla por residente'!C14:AI14,"REA") -> 7 | G12: =COUNTIF('Tabla por residente'!C14:AI14,"QX-M") -> 0 | H12: =COUNTIF('Tabla por residente'!C14:AI14,"QX-P") -> 1 | I12: 3 | J12: Pilar
A13: Eva | B13: R2-04 | C13: R2 | D13: =COUNTIF('Tabla por residente'!C15:AI15,"TX")+COUNTIF('Tabla por residente'!C15:AI15,"REA")+COUNTIF('Tabla por residente'!C15:AI15,"QX-M")+COUNTIF('Tabla por residente'!C15:AI15,"QX-P") -> 7 | E13: =COUNTIF('Tabla por residente'!C15:AI15,"TX") -> 0 | F13: =COUNTIF('Tabla por residente'!C15:AI15,"REA") -> 1 | G13: =COUNTIF('Tabla por residente'!C15:AI15,"QX-M") -> 0 | H13: =COUNTIF('Tabla por residente'!C15:AI15,"QX-P") -> 6 | I13: 4 | J13: Santos
A14: Emilio | B14: R2-05 | C14: R2 | D14: =COUNTIF('Tabla por residente'!C16:AI16,"TX")+COUNTIF('Tabla por residente'!C16:AI16,"REA")+COUNTIF('Tabla por residente'!C16:AI16,"QX-M")+COUNTIF('Tabla por residente'!C16:AI16,"QX-P") -> 8 | E14: =COUNTIF('Tabla por residente'!C16:AI16,"TX") -> 0 | F14: =COUNTIF('Tabla por residente'!C16:AI16,"REA") -> 2 | G14: =COUNTIF('Tabla por residente'!C16:AI16,"QX-M") -> 0 | H14: =COUNTIF('Tabla por residente'!C16:AI16,"QX-P") -> 6 | I14: 4 | J14: —
A15: Antonio | B15: R2-06 | C15: R2 | D15: =COUNTIF('Tabla por residente'!C17:AI17,"TX")+COUNTIF('Tabla por residente'!C17:AI17,"REA")+COUNTIF('Tabla por residente'!C17:AI17,"QX-M")+COUNTIF('Tabla por residente'!C17:AI17,"QX-P") -> 8 | E15: =COUNTIF('Tabla por residente'!C17:AI17,"TX") -> 0 | F15: =COUNTIF('Tabla por residente'!C17:AI17,"REA") -> 3 | G15: =COUNTIF('Tabla por residente'!C17:AI17,"QX-M") -> 0 | H15: =COUNTIF('Tabla por residente'!C17:AI17,"QX-P") -> 5 | I15: 4 | J15: Pilar
A16: Ana (R2) | B16: R2-07 | C16: R2 | D16: =COUNTIF('Tabla por residente'!C18:AI18,"TX")+COUNTIF('Tabla por residente'!C18:AI18,"REA")+COUNTIF('Tabla por residente'!C18:AI18,"QX-M")+COUNTIF('Tabla por residente'!C18:AI18,"QX-P") -> 8 | E16: =COUNTIF('Tabla por residente'!C18:AI18,"TX") -> 0 | F16: =COUNTIF('Tabla por residente'!C18:AI18,"REA") -> 0 | G16: =COUNTIF('Tabla por residente'!C18:AI18,"QX-M") -> 0 | H16: =COUNTIF('Tabla por residente'!C18:AI18,"QX-P") -> 8 | I16: 3 | J16: Pilar
A17: Marc | B17: R2-08 | C17: R2 | D17: =COUNTIF('Tabla por residente'!C19:AI19,"TX")+COUNTIF('Tabla por residente'!C19:AI19,"REA")+COUNTIF('Tabla por residente'!C19:AI19,"QX-M")+COUNTIF('Tabla por residente'!C19:AI19,"QX-P") -> 8 | E17: =COUNTIF('Tabla por residente'!C19:AI19,"TX") -> 0 | F17: =COUNTIF('Tabla por residente'!C19:AI19,"REA") -> 0 | G17: =COUNTIF('Tabla por residente'!C19:AI19,"QX-M") -> 0 | H17: =COUNTIF('Tabla por residente'!C19:AI19,"QX-P") -> 8 | I17: 4 | J17: Santos
A18: Patricia (R3) | B18: R3-01 | C18: R3 | D18: =COUNTIF('Tabla por residente'!C21:AI21,"TX")+COUNTIF('Tabla por residente'!C21:AI21,"REA")+COUNTIF('Tabla por residente'!C21:AI21,"QX-M")+COUNTIF('Tabla por residente'!C21:AI21,"QX-P") -> 6 | E18: =COUNTIF('Tabla por residente'!C21:AI21,"TX") -> 0 | F18: =COUNTIF('Tabla por residente'!C21:AI21,"REA") -> 0 | G18: =COUNTIF('Tabla por residente'!C21:AI21,"QX-M") -> 6 | H18: =COUNTIF('Tabla por residente'!C21:AI21,"QX-P") -> 0 | I18: 3 | J18: —
A19: Candela | B19: R3-02 | C19: R3 | D19: =COUNTIF('Tabla por residente'!C22:AI22,"TX")+COUNTIF('Tabla por residente'!C22:AI22,"REA")+COUNTIF('Tabla por residente'!C22:AI22,"QX-M")+COUNTIF('Tabla por residente'!C22:AI22,"QX-P") -> 6 | E19: =COUNTIF('Tabla por residente'!C22:AI22,"TX") -> 0 | F19: =COUNTIF('Tabla por residente'!C22:AI22,"REA") -> 0 | G19: =COUNTIF('Tabla por residente'!C22:AI22,"QX-M") -> 6 | H19: =COUNTIF('Tabla por residente'!C22:AI22,"QX-P") -> 0 | I19: 5 | J19: Pilar
A20: Fabián | B20: R3-03 | C20: R3 | D20: =COUNTIF('Tabla por residente'!C23:AI23,"TX")+COUNTIF('Tabla por residente'!C23:AI23,"REA")+COUNTIF('Tabla por residente'!C23:AI23,"QX-M")+COUNTIF('Tabla por residente'!C23:AI23,"QX-P") -> 6 | E20: =COUNTIF('Tabla por residente'!C23:AI23,"TX") -> 0 | F20: =COUNTIF('Tabla por residente'!C23:AI23,"REA") -> 6 | G20: =COUNTIF('Tabla por residente'!C23:AI23,"QX-M") -> 0 | H20: =COUNTIF('Tabla por residente'!C23:AI23,"QX-P") -> 0 | I20: 4 | J20: Pilar
A21: Tony | B21: R3-04 | C21: R3 | D21: =COUNTIF('Tabla por residente'!C24:AI24,"TX")+COUNTIF('Tabla por residente'!C24:AI24,"REA")+COUNTIF('Tabla por residente'!C24:AI24,"QX-M")+COUNTIF('Tabla por residente'!C24:AI24,"QX-P") -> 6 | E21: =COUNTIF('Tabla por residente'!C24:AI24,"TX") -> 0 | F21: =COUNTIF('Tabla por residente'!C24:AI24,"REA") -> 6 | G21: =COUNTIF('Tabla por residente'!C24:AI24,"QX-M") -> 0 | H21: =COUNTIF('Tabla por residente'!C24:AI24,"QX-P") -> 0 | I21: 3 | J21: Santos
A22: Carlota | B22: R4-01 | C22: R4 | D22: =COUNTIF('Tabla por residente'!C26:AI26,"TX")+COUNTIF('Tabla por residente'!C26:AI26,"REA")+COUNTIF('Tabla por residente'!C26:AI26,"QX-M")+COUNTIF('Tabla por residente'!C26:AI26,"QX-P") -> 12 | E22: =COUNTIF('Tabla por residente'!C26:AI26,"TX") -> 7 | F22: =COUNTIF('Tabla por residente'!C26:AI26,"REA") -> 0 | G22: =COUNTIF('Tabla por residente'!C26:AI26,"QX-M") -> 5 | H22: =COUNTIF('Tabla por residente'!C26:AI26,"QX-P") -> 0 | I22: 6 | J22: Santos
A23: Almudena | B23: R4-02 | C23: R4 | D23: =COUNTIF('Tabla por residente'!C27:AI27,"TX")+COUNTIF('Tabla por residente'!C27:AI27,"REA")+COUNTIF('Tabla por residente'!C27:AI27,"QX-M")+COUNTIF('Tabla por residente'!C27:AI27,"QX-P") -> 9 | E23: =COUNTIF('Tabla por residente'!C27:AI27,"TX") -> 4 | F23: =COUNTIF('Tabla por residente'!C27:AI27,"REA") -> 0 | G23: =COUNTIF('Tabla por residente'!C27:AI27,"QX-M") -> 5 | H23: =COUNTIF('Tabla por residente'!C27:AI27,"QX-P") -> 0 | I23: 4 | J23: Santos
A24: Ana Gaudioso (R4) | B24: R4-03 | C24: R4 | D24: =COUNTIF('Tabla por residente'!C28:AI28,"TX")+COUNTIF('Tabla por residente'!C28:AI28,"REA")+COUNTIF('Tabla por residente'!C28:AI28,"QX-M")+COUNTIF('Tabla por residente'!C28:AI28,"QX-P") -> 9 | E24: =COUNTIF('Tabla por residente'!C28:AI28,"TX") -> 8 | F24: =COUNTIF('Tabla por residente'!C28:AI28,"REA") -> 0 | G24: =COUNTIF('Tabla por residente'!C28:AI28,"QX-M") -> 1 | H24: =COUNTIF('Tabla por residente'!C28:AI28,"QX-P") -> 0 | I24: 4 | J24: Santos
A25: Sandra | B25: R4-04 | C25: R4 | D25: =COUNTIF('Tabla por residente'!C29:AI29,"TX")+COUNTIF('Tabla por residente'!C29:AI29,"REA")+COUNTIF('Tabla por residente'!C29:AI29,"QX-M")+COUNTIF('Tabla por residente'!C29:AI29,"QX-P") -> 12 | E25: =COUNTIF('Tabla por residente'!C29:AI29,"TX") -> 7 | F25: =COUNTIF('Tabla por residente'!C29:AI29,"REA") -> 0 | G25: =COUNTIF('Tabla por residente'!C29:AI29,"QX-M") -> 5 | H25: =COUNTIF('Tabla por residente'!C29:AI29,"QX-P") -> 0 | I25: 6 | J25: Pilar
A26: Isa | B26: R4-05 | C26: R4 | D26: =COUNTIF('Tabla por residente'!C30:AI30,"TX")+COUNTIF('Tabla por residente'!C30:AI30,"REA")+COUNTIF('Tabla por residente'!C30:AI30,"QX-M")+COUNTIF('Tabla por residente'!C30:AI30,"QX-P") -> 12 | E26: =COUNTIF('Tabla por residente'!C30:AI30,"TX") -> 7 | F26: =COUNTIF('Tabla por residente'!C30:AI30,"REA") -> 0 | G26: =COUNTIF('Tabla por residente'!C30:AI30,"QX-M") -> 5 | H26: =COUNTIF('Tabla por residente'!C30:AI30,"QX-P") -> 0 | I26: 6 | J26: Pilar

Sheet Validación
A1: ID | B1: Regla | C1: Resultado
A2: H-01 | B2: Cobertura exacta (1 TX, 1 REA, 1 QX-M, 2 QX-P) cada día | C2: ✅ Cumplida
A3: H-02 | B3: Nadie ocupa más de un puesto el mismo día | C3: ✅ Cumplida
A4: H-03 | B4: Descanso 24h tras guardia presencial (no bloquea TX) | C4: ✅ Cumplida
A5: H-04 | B5: Sábado normal ⇒ libra domingo y lunes | C5: ✅ Cumplida
A6: H-05 | B6: Pareja viernes-domingo, mismo puesto | C6: ✅ Cumplida
A7: H-06 | B7: Exclusión de puentes (Pilar vs Santos) | C7: ✅ Cumplida
A8: H-07 | B8: Sábado de puente ⇒ se une al lunes festivo | C8: ✅ Cumplida
A9: H-08 / H-17 | B9: Vacaciones y bloqueos declarados respetados | C9: ✅ Cumplida
A10: H-09 | B10: Solo personal elegible ocupa cada puesto | C10: ✅ Cumplida
A11: H-10 a-d | B11: Restricciones de Ana R4 por trabajo externo | C11: ✅ Cumplida
A12: H-11 | B12: Tania, Patricia R2, Fabián y Tony ≥ 6 REA | C12: ✅ Cumplida
... A18: H-19 | B18: Sin TX la víspera de un bloqueo por vacaciones | C18: ✅ Cumplida
A20: Reglas blandas (S)
A21: S-01 | B21: 7 mayores tienden a 5 QX-M cada uno | C21: QX-M: {'Carlota': 5, 'Almudena': 5, 'AnaR4': 1, 'Sandra': 5, 'Isa': 5, 'PatriciaR3': 6, 'Candela': 6}
A22: S-02 | B22: Reparto equitativo de fines de semana | C22: Optimizado (spread minimizado dentro de R1 y R2)
A23: S-04 | B23: Reparto equitativo del nº de guardias por año | C23: Optimizado (R1, R2, R3, R4 balanceados)
A24: S-06 | B24: Evitar dos R1 juntos en QX-P el mismo día | C24: 0 incidencias
A25: S-08 | B25: Evitar TX el día de saliente de guardia | C25: 0 incidencias

Sheet Excepciones y supuestos
A1: Tipo | B1: Detalle
A2: Supuesto (Q-05) | B2: En los puentes, quien hace el sábado trabaja también el lunes festivo (H-07), no libra.
A3: Supuesto (Q-11) | B3: El bloqueo de Carlota "si se puede" (2-4, 11, 23-25) se ha tratado como bloqueo duro.
A4: Supuesto (Q-11 Ana R4) | B4: El bloqueo de Ana R4 "si se puede" (16-18) se ha tratado como bloqueo duro.
A5: Supuesto (Q-12) | B5: El bloqueo de Sandra "29-1" se ha interpretado como 29 oct - 1 nov (día 29 a 32).
A6: Supuesto (Q-10 / H-10d) | B6: Se ha usado la lista literal de excepciones de TX de Ana R4 (5,11,19,22,29), incluyendo la anomalía del 22 de octubre, en vez de la fórmula derivada del tipo de turno.
A7: Nueva regla H-19 | B7: El día previo a un bloqueo por vacaciones se permite guardia presencial pero no TX.
A8: Nueva regla S-06 | B8: Se ha evitado por completo que dos R1 cubran QX-P el mismo día (0 incidencias).
A9: Nueva regla S-08 | B9: Se ha evitado por completo asignar TX el día de saliente de una guardia presencial (0 incidencias).
A10: Tope práctico (no es una regla H/S del documento) | B10: Se ha limitado a un máximo de 3 días de TX consecutivos por persona, para evitar rachas largas de localizada que ninguna regla explícita acotaba (los bloques de fin de semana forzados no superan 3 días, así que no chocan).
A11: No modelado explícitamente | B11: S-03 (2º FDS en sábado tras bloque V-D), S-05 (separación mínima 3-4 días) y S-07 (rotación del mayor supervisor) no se han optimizado como objetivo explícito; pueden requerir un ajuste manual fino si se desea maximizarlos.
A12: Optimización | B12: Modelo de programación por restricciones (OR-Tools CP-SAT). Solución con 0 violaciones de reglas duras (H-01 a H-19) y 0 violaciones de S-06/S-08, con reparto de carga optimizado dentro de cada año (R1, R2, R3, R4).
